{"tilemap": {"1;11": {"type": "grass", "variant": 0, "pos": [1, 11]}, "2;11": {"type": "grass", "variant": 1, "pos": [2, 11]}, "3;11": {"type": "grass", "variant": 1, "pos": [3, 11]}, "4;11": {"type": "grass", "variant": 1, "pos": [4, 11]}, "5;11": {"type": "grass", "variant": 1, "pos": [5, 11]}, "6;11": {"type": "grass", "variant": 1, "pos": [6, 11]}, "7;11": {"type": "grass", "variant": 1, "pos": [7, 11]}, "8;11": {"type": "grass", "variant": 1, "pos": [8, 11]}, "9;11": {"type": "grass", "variant": 1, "pos": [9, 11]}, "10;11": {"type": "grass", "variant": 3, "pos": [10, 11]}, "16;11": {"type": "grass", "variant": 0, "pos": [16, 11]}, "17;11": {"type": "grass", "variant": 1, "pos": [17, 11]}, "18;11": {"type": "grass", "variant": 1, "pos": [18, 11]}, "19;11": {"type": "grass", "variant": 1, "pos": [19, 11]}, "22;11": {"type": "grass", "variant": 1, "pos": [22, 11]}, "23;11": {"type": "grass", "variant": 3, "pos": [23, 11]}, "1;12": {"type": "grass", "variant": 5, "pos": [1, 12]}, "1;13": {"type": "grass", "variant": 4, "pos": [1, 13]}, "1;14": {"type": "grass", "variant": 5, "pos": [1, 14]}, "1;15": {"type": "grass", "variant": 6, "pos": [1, 15]}, "2;15": {"type": "grass", "variant": 7, "pos": [2, 15]}, "3;15": {"type": "grass", "variant": 7, "pos": [3, 15]}, "4;15": {"type": "grass", "variant": 7, "pos": [4, 15]}, "5;15": {"type": "grass", "variant": 7, "pos": [5, 15]}, "6;15": {"type": "grass", "variant": 7, "pos": [6, 15]}, "7;15": {"type": "grass", "variant": 7, "pos": [7, 15]}, "8;15": {"type": "grass", "variant": 7, "pos": [8, 15]}, "9;15": {"type": "grass", "variant": 7, "pos": [9, 15]}, "10;15": {"type": "grass", "variant": 8, "pos": [10, 15]}, "10;14": {"type": "grass", "variant": 9, "pos": [10, 14]}, "10;13": {"type": "grass", "variant": 8, "pos": [10, 13]}, "10;12": {"type": "grass", "variant": 9, "pos": [10, 12]}, "16;12": {"type": "grass", "variant": 5, "pos": [16, 12]}, "16;13": {"type": "grass", "variant": 4, "pos": [16, 13]}, "16;14": {"type": "grass", "variant": 5, "pos": [16, 14]}, "16;15": {"type": "grass", "variant": 6, "pos": [16, 15]}, "17;15": {"type": "grass", "variant": 7, "pos": [17, 15]}, "18;15": {"type": "grass", "variant": 7, "pos": [18, 15]}, "19;15": {"type": "grass", "variant": 7, "pos": [19, 15]}, "20;15": {"type": "grass", "variant": 7, "pos": [20, 15]}, "21;15": {"type": "grass", "variant": 7, "pos": [21, 15]}, "22;15": {"type": "grass", "variant": 7, "pos": [22, 15]}, "23;15": {"type": "grass", "variant": 8, "pos": [23, 15]}, "23;14": {"type": "grass", "variant": 9, "pos": [23, 14]}, "23;13": {"type": "grass", "variant": 8, "pos": [23, 13]}, "23;12": {"type": "grass", "variant": 9, "pos": [23, 12]}, "2;12": {"type": "grass", "variant": 2, "pos": [2, 12]}, "2;13": {"type": "grass", "variant": 2, "pos": [2, 13]}, "3;13": {"type": "grass", "variant": 10, "pos": [3, 13]}, "4;13": {"type": "grass", "variant": 10, "pos": [4, 13]}, "4;12": {"type": "grass", "variant": 10, "pos": [4, 12]}, "3;12": {"type": "grass", "variant": 10, "pos": [3, 12]}, "2;14": {"type": "grass", "variant": 2, "pos": [2, 14]}, "3;14": {"type": "grass", "variant": 2, "pos": [3, 14]}, "4;14": {"type": "grass", "variant": 2, "pos": [4, 14]}, "5;14": {"type": "grass", "variant": 2, "pos": [5, 14]}, "6;14": {"type": "grass", "variant": 2, "pos": [6, 14]}, "6;13": {"type": "grass", "variant": 10, "pos": [6, 13]}, "6;12": {"type": "grass", "variant": 2, "pos": [6, 12]}, "7;12": {"type": "grass", "variant": 10, "pos": [7, 12]}, "5;12": {"type": "grass", "variant": 10, "pos": [5, 12]}, "5;13": {"type": "grass", "variant": 10, "pos": [5, 13]}, "7;14": {"type": "grass", "variant": 10, "pos": [7, 14]}, "8;14": {"type": "grass", "variant": 2, "pos": [8, 14]}, "7;13": {"type": "grass", "variant": 10, "pos": [7, 13]}, "8;13": {"type": "grass", "variant": 2, "pos": [8, 13]}, "9;13": {"type": "grass", "variant": 2, "pos": [9, 13]}, "9;14": {"type": "grass", "variant": 2, "pos": [9, 14]}, "9;12": {"type": "grass", "variant": 2, "pos": [9, 12]}, "8;12": {"type": "grass", "variant": 2, "pos": [8, 12]}, "18;12": {"type": "grass", "variant": 10, "pos": [18, 12]}, "18;13": {"type": "grass", "variant": 10, "pos": [18, 13]}, "18;14": {"type": "grass", "variant": 2, "pos": [18, 14]}, "17;13": {"type": "grass", "variant": 2, "pos": [17, 13]}, "17;12": {"type": "grass", "variant": 2, "pos": [17, 12]}, "17;14": {"type": "grass", "variant": 2, "pos": [17, 14]}, "19;14": {"type": "grass", "variant": 2, "pos": [19, 14]}, "20;14": {"type": "grass", "variant": 10, "pos": [20, 14]}, "21;14": {"type": "grass", "variant": 10, "pos": [21, 14]}, "22;14": {"type": "grass", "variant": 2, "pos": [22, 14]}, "22;13": {"type": "grass", "variant": 2, "pos": [22, 13]}, "22;12": {"type": "grass", "variant": 2, "pos": [22, 12]}, "21;12": {"type": "grass", "variant": 2, "pos": [21, 12]}, "20;12": {"type": "grass", "variant": 10, "pos": [20, 12]}, "19;12": {"type": "grass", "variant": 10, "pos": [19, 12]}, "19;13": {"type": "grass", "variant": 2, "pos": [19, 13]}, "20;13": {"type": "grass", "variant": 2, "pos": [20, 13]}, "21;13": {"type": "grass", "variant": 10, "pos": [21, 13]}, "21;11": {"type": "grass", "variant": 1, "pos": [21, 11]}, "20;11": {"type": "grass", "variant": 1, "pos": [20, 11]}, "12;11": {"type": "stone", "variant": 0, "pos": [12, 11]}, "11;11": {"type": "stone", "variant": 0, "pos": [11, 11]}, "13;11": {"type": "stone", "variant": 0, "pos": [13, 11]}, "14;11": {"type": "stone", "variant": 0, "pos": [14, 11]}, "15;11": {"type": "stone", "variant": 0, "pos": [15, 11]}, "7;10": {"type": "decor", "variant": 3, "pos": [7, 10]}, "13;8": {"type": "decor", "variant": 3, "pos": [13, 8]}, "19;10": {"type": "decor", "variant": 3, "pos": [19, 10]}}, "tile_size": 16, "offgrid": [{"type": "decor", "variant": 8, "pos": [327.0, 124.0]}]}