{"tilemap": {"1;9": {"type": "grass", "variant": 0, "pos": [1, 9]}, "2;9": {"type": "grass", "variant": 1, "pos": [2, 9]}, "3;9": {"type": "grass", "variant": 1, "pos": [3, 9]}, "4;9": {"type": "grass", "variant": 1, "pos": [4, 9]}, "5;9": {"type": "grass", "variant": 1, "pos": [5, 9]}, "6;9": {"type": "grass", "variant": 1, "pos": [6, 9]}, "7;9": {"type": "grass", "variant": 1, "pos": [7, 9]}, "8;9": {"type": "grass", "variant": 1, "pos": [8, 9]}, "9;9": {"type": "grass", "variant": 3, "pos": [9, 9]}, "15;9": {"type": "grass", "variant": 0, "pos": [15, 9]}, "16;9": {"type": "grass", "variant": 1, "pos": [16, 9]}, "17;9": {"type": "grass", "variant": 1, "pos": [17, 9]}, "18;9": {"type": "grass", "variant": 1, "pos": [18, 9]}, "19;9": {"type": "grass", "variant": 1, "pos": [19, 9]}, "20;9": {"type": "grass", "variant": 1, "pos": [20, 9]}, "21;9": {"type": "grass", "variant": 1, "pos": [21, 9]}, "22;9": {"type": "grass", "variant": 1, "pos": [22, 9]}, "23;9": {"type": "grass", "variant": 3, "pos": [23, 9]}, "12;12": {"type": "grass", "variant": 1, "pos": [12, 12]}, "11;12": {"type": "grass", "variant": 0, "pos": [11, 12]}, "13;12": {"type": "grass", "variant": 3, "pos": [13, 12]}, "23;8": {"type": "grass", "variant": 0, "pos": [23, 8]}, "24;8": {"type": "grass", "variant": 1, "pos": [24, 8]}, "25;8": {"type": "grass", "variant": 3, "pos": [25, 8]}, "25;7": {"type": "grass", "variant": 0, "pos": [25, 7]}, "26;7": {"type": "grass", "variant": 1, "pos": [26, 7]}, "27;7": {"type": "grass", "variant": 3, "pos": [27, 7]}, "25;5": {"type": "stone", "variant": 0, "pos": [25, 5]}, "24;5": {"type": "grass", "variant": 0, "pos": [24, 5]}, "22;4": {"type": "grass", "variant": 0, "pos": [22, 4]}, "23;4": {"type": "stone", "variant": 0, "pos": [23, 4]}, "24;4": {"type": "grass", "variant": 3, "pos": [24, 4]}, "22;3": {"type": "grass", "variant": 3, "pos": [22, 3]}, "21;3": {"type": "grass", "variant": 1, "pos": [21, 3]}, "20;3": {"type": "grass", "variant": 0, "pos": [20, 3]}, "16;3": {"type": "grass", "variant": 3, "pos": [16, 3]}, "15;3": {"type": "grass", "variant": 1, "pos": [15, 3]}, "14;3": {"type": "grass", "variant": 1, "pos": [14, 3]}, "13;3": {"type": "grass", "variant": 1, "pos": [13, 3]}, "12;3": {"type": "grass", "variant": 1, "pos": [12, 3]}, "10;3": {"type": "grass", "variant": 0, "pos": [10, 3]}, "11;3": {"type": "grass", "variant": 1, "pos": [11, 3]}, "12;11": {"type": "decor", "variant": 3, "pos": [12, 11]}, "18;1": {"type": "decor", "variant": 3, "pos": [18, 1]}, "12;7": {"type": "decor", "variant": 3, "pos": [12, 7]}, "12;9": {"type": "stone", "variant": 0, "pos": [12, 9]}, "14;12": {"type": "stone", "variant": 0, "pos": [14, 12]}, "10;12": {"type": "stone", "variant": 0, "pos": [10, 12]}, "18;3": {"type": "stone", "variant": 0, "pos": [18, 3]}, "28;7": {"type": "stone", "variant": 0, "pos": [28, 7]}, "26;5": {"type": "grass", "variant": 3, "pos": [26, 5]}, "1;10": {"type": "grass", "variant": 4, "pos": [1, 10]}, "9;10": {"type": "grass", "variant": 9, "pos": [9, 10]}, "2;10": {"type": "grass", "variant": 2, "pos": [2, 10]}, "3;10": {"type": "grass", "variant": 2, "pos": [3, 10]}, "4;10": {"type": "grass", "variant": 2, "pos": [4, 10]}, "5;10": {"type": "grass", "variant": 2, "pos": [5, 10]}, "6;10": {"type": "grass", "variant": 2, "pos": [6, 10]}, "7;10": {"type": "grass", "variant": 2, "pos": [7, 10]}, "8;10": {"type": "grass", "variant": 2, "pos": [8, 10]}, "15;10": {"type": "grass", "variant": 5, "pos": [15, 10]}, "15;11": {"type": "grass", "variant": 6, "pos": [15, 11]}, "2;11": {"type": "grass", "variant": 7, "pos": [2, 11]}, "3;11": {"type": "grass", "variant": 7, "pos": [3, 11]}, "4;11": {"type": "grass", "variant": 7, "pos": [4, 11]}, "5;11": {"type": "grass", "variant": 7, "pos": [5, 11]}, "6;11": {"type": "grass", "variant": 7, "pos": [6, 11]}, "7;11": {"type": "grass", "variant": 7, "pos": [7, 11]}, "8;11": {"type": "grass", "variant": 7, "pos": [8, 11]}, "9;11": {"type": "grass", "variant": 8, "pos": [9, 11]}, "1;11": {"type": "grass", "variant": 6, "pos": [1, 11]}, "16;11": {"type": "grass", "variant": 7, "pos": [16, 11]}, "17;11": {"type": "grass", "variant": 7, "pos": [17, 11]}, "18;11": {"type": "grass", "variant": 7, "pos": [18, 11]}, "19;11": {"type": "grass", "variant": 7, "pos": [19, 11]}, "20;11": {"type": "grass", "variant": 7, "pos": [20, 11]}, "21;11": {"type": "grass", "variant": 7, "pos": [21, 11]}, "22;11": {"type": "grass", "variant": 7, "pos": [22, 11]}, "23;10": {"type": "grass", "variant": 9, "pos": [23, 10]}, "23;11": {"type": "grass", "variant": 8, "pos": [23, 11]}, "16;10": {"type": "grass", "variant": 2, "pos": [16, 10]}, "17;10": {"type": "grass", "variant": 2, "pos": [17, 10]}, "18;10": {"type": "grass", "variant": 2, "pos": [18, 10]}, "19;10": {"type": "grass", "variant": 2, "pos": [19, 10]}, "20;10": {"type": "grass", "variant": 2, "pos": [20, 10]}, "21;10": {"type": "grass", "variant": 2, "pos": [21, 10]}, "22;10": {"type": "grass", "variant": 2, "pos": [22, 10]}, "10;4": {"type": "grass", "variant": 4, "pos": [10, 4]}, "10;5": {"type": "grass", "variant": 6, "pos": [10, 5]}, "11;5": {"type": "grass", "variant": 7, "pos": [11, 5]}, "12;5": {"type": "grass", "variant": 7, "pos": [12, 5]}, "13;5": {"type": "grass", "variant": 7, "pos": [13, 5]}, "14;5": {"type": "grass", "variant": 7, "pos": [14, 5]}, "15;5": {"type": "grass", "variant": 7, "pos": [15, 5]}, "16;5": {"type": "grass", "variant": 8, "pos": [16, 5]}, "11;4": {"type": "grass", "variant": 2, "pos": [11, 4]}, "12;4": {"type": "grass", "variant": 2, "pos": [12, 4]}, "13;4": {"type": "grass", "variant": 2, "pos": [13, 4]}, "14;4": {"type": "grass", "variant": 2, "pos": [14, 4]}, "15;4": {"type": "grass", "variant": 2, "pos": [15, 4]}, "16;4": {"type": "grass", "variant": 9, "pos": [16, 4]}, "12;13": {"type": "grass", "variant": 2, "pos": [12, 13]}, "13;13": {"type": "grass", "variant": 8, "pos": [13, 13]}, "11;13": {"type": "grass", "variant": 4, "pos": [11, 13]}, "11;14": {"type": "grass", "variant": 6, "pos": [11, 14]}, "12;14": {"type": "grass", "variant": 7, "pos": [12, 14]}, "13;14": {"type": "grass", "variant": 8, "pos": [13, 14]}}, "tile_size": 16, "offgrid": [{"type": "decor", "variant": 8, "pos": [194.5, -6.5]}]}