{"tilemap": {"3;9": {"type": "grass", "variant": 1, "pos": [3, 9]}, "4;9": {"type": "grass", "variant": 1, "pos": [4, 9]}, "5;9": {"type": "grass", "variant": 1, "pos": [5, 9]}, "6;9": {"type": "grass", "variant": 1, "pos": [6, 9]}, "7;9": {"type": "grass", "variant": 1, "pos": [7, 9]}, "8;9": {"type": "grass", "variant": 1, "pos": [8, 9]}, "9;9": {"type": "grass", "variant": 1, "pos": [9, 9]}, "10;9": {"type": "grass", "variant": 1, "pos": [10, 9]}, "11;9": {"type": "grass", "variant": 1, "pos": [11, 9]}, "12;9": {"type": "grass", "variant": 3, "pos": [12, 9]}, "20;6": {"type": "grass", "variant": 0, "pos": [20, 6]}, "21;6": {"type": "grass", "variant": 1, "pos": [21, 6]}, "22;6": {"type": "grass", "variant": 1, "pos": [22, 6]}, "23;6": {"type": "grass", "variant": 1, "pos": [23, 6]}, "24;6": {"type": "grass", "variant": 1, "pos": [24, 6]}, "25;6": {"type": "grass", "variant": 1, "pos": [25, 6]}, "26;6": {"type": "grass", "variant": 3, "pos": [26, 6]}, "14;10": {"type": "stone", "variant": 0, "pos": [14, 10]}, "16;9": {"type": "stone", "variant": 0, "pos": [16, 9]}, "18;8": {"type": "stone", "variant": 0, "pos": [18, 8]}, "-2;9": {"type": "grass", "variant": 0, "pos": [-2, 9]}, "-1;9": {"type": "grass", "variant": 1, "pos": [-1, 9]}, "0;9": {"type": "grass", "variant": 1, "pos": [0, 9]}, "1;9": {"type": "grass", "variant": 1, "pos": [1, 9]}, "2;9": {"type": "grass", "variant": 1, "pos": [2, 9]}, "14;8": {"type": "decor", "variant": 3, "pos": [14, 8]}, "16;7": {"type": "decor", "variant": 3, "pos": [16, 7]}, "18;6": {"type": "decor", "variant": 3, "pos": [18, 6]}, "-2;10": {"type": "grass", "variant": 4, "pos": [-2, 10]}, "-2;11": {"type": "grass", "variant": 5, "pos": [-2, 11]}, "-2;12": {"type": "grass", "variant": 4, "pos": [-2, 12]}, "-2;13": {"type": "grass", "variant": 6, "pos": [-2, 13]}, "-1;13": {"type": "grass", "variant": 7, "pos": [-1, 13]}, "0;13": {"type": "grass", "variant": 7, "pos": [0, 13]}, "1;13": {"type": "grass", "variant": 7, "pos": [1, 13]}, "2;13": {"type": "grass", "variant": 7, "pos": [2, 13]}, "3;13": {"type": "grass", "variant": 7, "pos": [3, 13]}, "4;13": {"type": "grass", "variant": 7, "pos": [4, 13]}, "5;13": {"type": "grass", "variant": 7, "pos": [5, 13]}, "6;13": {"type": "grass", "variant": 7, "pos": [6, 13]}, "7;13": {"type": "grass", "variant": 7, "pos": [7, 13]}, "8;13": {"type": "grass", "variant": 7, "pos": [8, 13]}, "9;13": {"type": "grass", "variant": 7, "pos": [9, 13]}, "10;13": {"type": "grass", "variant": 7, "pos": [10, 13]}, "11;13": {"type": "grass", "variant": 7, "pos": [11, 13]}, "12;13": {"type": "grass", "variant": 8, "pos": [12, 13]}, "12;12": {"type": "grass", "variant": 9, "pos": [12, 12]}, "12;11": {"type": "grass", "variant": 8, "pos": [12, 11]}, "12;10": {"type": "grass", "variant": 9, "pos": [12, 10]}, "-1;10": {"type": "grass", "variant": 10, "pos": [-1, 10]}, "0;10": {"type": "grass", "variant": 2, "pos": [0, 10]}, "1;10": {"type": "grass", "variant": 2, "pos": [1, 10]}, "2;10": {"type": "grass", "variant": 10, "pos": [2, 10]}, "3;10": {"type": "grass", "variant": 10, "pos": [3, 10]}, "4;10": {"type": "grass", "variant": 10, "pos": [4, 10]}, "5;10": {"type": "grass", "variant": 2, "pos": [5, 10]}, "6;10": {"type": "grass", "variant": 2, "pos": [6, 10]}, "7;10": {"type": "grass", "variant": 2, "pos": [7, 10]}, "8;10": {"type": "grass", "variant": 2, "pos": [8, 10]}, "9;10": {"type": "grass", "variant": 10, "pos": [9, 10]}, "10;10": {"type": "grass", "variant": 10, "pos": [10, 10]}, "11;10": {"type": "grass", "variant": 10, "pos": [11, 10]}, "11;11": {"type": "grass", "variant": 2, "pos": [11, 11]}, "10;11": {"type": "grass", "variant": 10, "pos": [10, 11]}, "9;11": {"type": "grass", "variant": 10, "pos": [9, 11]}, "8;11": {"type": "grass", "variant": 2, "pos": [8, 11]}, "7;11": {"type": "grass", "variant": 2, "pos": [7, 11]}, "6;11": {"type": "grass", "variant": 2, "pos": [6, 11]}, "5;11": {"type": "grass", "variant": 2, "pos": [5, 11]}, "4;11": {"type": "grass", "variant": 2, "pos": [4, 11]}, "3;11": {"type": "grass", "variant": 10, "pos": [3, 11]}, "2;11": {"type": "grass", "variant": 10, "pos": [2, 11]}, "1;11": {"type": "grass", "variant": 10, "pos": [1, 11]}, "0;11": {"type": "grass", "variant": 10, "pos": [0, 11]}, "-1;11": {"type": "grass", "variant": 2, "pos": [-1, 11]}, "-1;12": {"type": "grass", "variant": 2, "pos": [-1, 12]}, "0;12": {"type": "grass", "variant": 2, "pos": [0, 12]}, "1;12": {"type": "grass", "variant": 2, "pos": [1, 12]}, "2;12": {"type": "grass", "variant": 2, "pos": [2, 12]}, "3;12": {"type": "grass", "variant": 2, "pos": [3, 12]}, "4;12": {"type": "grass", "variant": 2, "pos": [4, 12]}, "5;12": {"type": "grass", "variant": 2, "pos": [5, 12]}, "6;12": {"type": "grass", "variant": 2, "pos": [6, 12]}, "7;12": {"type": "grass", "variant": 10, "pos": [7, 12]}, "8;12": {"type": "grass", "variant": 10, "pos": [8, 12]}, "9;12": {"type": "grass", "variant": 2, "pos": [9, 12]}, "10;12": {"type": "grass", "variant": 2, "pos": [10, 12]}, "11;12": {"type": "grass", "variant": 2, "pos": [11, 12]}, "26;7": {"type": "grass", "variant": 9, "pos": [26, 7]}, "26;8": {"type": "grass", "variant": 8, "pos": [26, 8]}, "20;7": {"type": "grass", "variant": 4, "pos": [20, 7]}, "20;8": {"type": "grass", "variant": 5, "pos": [20, 8]}, "20;9": {"type": "grass", "variant": 6, "pos": [20, 9]}, "21;9": {"type": "grass", "variant": 7, "pos": [21, 9]}, "22;9": {"type": "grass", "variant": 7, "pos": [22, 9]}, "23;9": {"type": "grass", "variant": 7, "pos": [23, 9]}, "24;9": {"type": "grass", "variant": 7, "pos": [24, 9]}, "25;9": {"type": "grass", "variant": 7, "pos": [25, 9]}, "26;9": {"type": "grass", "variant": 8, "pos": [26, 9]}, "21;7": {"type": "grass", "variant": 10, "pos": [21, 7]}, "22;7": {"type": "grass", "variant": 10, "pos": [22, 7]}, "23;7": {"type": "grass", "variant": 10, "pos": [23, 7]}, "24;7": {"type": "grass", "variant": 10, "pos": [24, 7]}, "25;7": {"type": "grass", "variant": 10, "pos": [25, 7]}, "23;8": {"type": "grass", "variant": 10, "pos": [23, 8]}, "22;8": {"type": "grass", "variant": 2, "pos": [22, 8]}, "21;8": {"type": "grass", "variant": 2, "pos": [21, 8]}, "24;8": {"type": "grass", "variant": 2, "pos": [24, 8]}, "25;8": {"type": "grass", "variant": 2, "pos": [25, 8]}}, "tile_size": 16, "offgrid": [{"type": "decor", "variant": 8, "pos": [353.5, 42.5]}]}