{"tilemap": {"3;10": {"type": "grass", "variant": 0, "pos": [3, 10]}, "4;10": {"type": "grass", "variant": 1, "pos": [4, 10]}, "5;10": {"type": "grass", "variant": 1, "pos": [5, 10]}, "6;10": {"type": "grass", "variant": 1, "pos": [6, 10]}, "7;10": {"type": "grass", "variant": 1, "pos": [7, 10]}, "10;10": {"type": "grass", "variant": 1, "pos": [10, 10]}, "11;10": {"type": "grass", "variant": 1, "pos": [11, 10]}, "12;10": {"type": "grass", "variant": 1, "pos": [12, 10]}, "13;10": {"type": "grass", "variant": 1, "pos": [13, 10]}, "14;10": {"type": "grass", "variant": 3, "pos": [14, 10]}, "8;10": {"type": "grass", "variant": 1, "pos": [8, 10]}, "9;10": {"type": "grass", "variant": 1, "pos": [9, 10]}, "15;10": {"type": "stone", "variant": 0, "pos": [15, 10]}, "16;10": {"type": "stone", "variant": 0, "pos": [16, 10]}, "19;10": {"type": "stone", "variant": 0, "pos": [19, 10]}, "20;10": {"type": "stone", "variant": 0, "pos": [20, 10]}, "16;13": {"type": "grass", "variant": 0, "pos": [16, 13]}, "17;13": {"type": "grass", "variant": 1, "pos": [17, 13]}, "18;13": {"type": "grass", "variant": 1, "pos": [18, 13]}, "19;13": {"type": "grass", "variant": 3, "pos": [19, 13]}, "21;10": {"type": "grass", "variant": 0, "pos": [21, 10]}, "22;10": {"type": "grass", "variant": 1, "pos": [22, 10]}, "23;10": {"type": "grass", "variant": 1, "pos": [23, 10]}, "24;10": {"type": "grass", "variant": 1, "pos": [24, 10]}, "25;10": {"type": "grass", "variant": 1, "pos": [25, 10]}, "25;9": {"type": "stone", "variant": 2, "pos": [25, 9]}, "25;8": {"type": "stone", "variant": 2, "pos": [25, 8]}, "25;7": {"type": "stone", "variant": 2, "pos": [25, 7]}, "25;6": {"type": "stone", "variant": 2, "pos": [25, 6]}, "26;10": {"type": "grass", "variant": 1, "pos": [26, 10]}, "27;10": {"type": "grass", "variant": 1, "pos": [27, 10]}, "28;10": {"type": "grass", "variant": 1, "pos": [28, 10]}, "29;10": {"type": "grass", "variant": 1, "pos": [29, 10]}, "30;10": {"type": "grass", "variant": 1, "pos": [30, 10]}, "31;10": {"type": "grass", "variant": 1, "pos": [31, 10]}, "32;10": {"type": "grass", "variant": 3, "pos": [32, 10]}, "19;12": {"type": "decor", "variant": 3, "pos": [19, 12]}, "19;7": {"type": "decor", "variant": 3, "pos": [19, 7]}, "28;9": {"type": "decor", "variant": 3, "pos": [28, 9]}, "3;12": {"type": "grass", "variant": 4, "pos": [3, 12]}, "3;13": {"type": "grass", "variant": 5, "pos": [3, 13]}, "3;14": {"type": "grass", "variant": 6, "pos": [3, 14]}, "4;14": {"type": "grass", "variant": 7, "pos": [4, 14]}, "5;14": {"type": "grass", "variant": 7, "pos": [5, 14]}, "6;14": {"type": "grass", "variant": 7, "pos": [6, 14]}, "7;14": {"type": "grass", "variant": 7, "pos": [7, 14]}, "8;14": {"type": "grass", "variant": 7, "pos": [8, 14]}, "9;14": {"type": "grass", "variant": 7, "pos": [9, 14]}, "10;14": {"type": "grass", "variant": 7, "pos": [10, 14]}, "11;14": {"type": "grass", "variant": 7, "pos": [11, 14]}, "12;14": {"type": "grass", "variant": 7, "pos": [12, 14]}, "13;14": {"type": "grass", "variant": 7, "pos": [13, 14]}, "14;14": {"type": "grass", "variant": 8, "pos": [14, 14]}, "14;13": {"type": "grass", "variant": 8, "pos": [14, 13]}, "14;12": {"type": "grass", "variant": 9, "pos": [14, 12]}, "14;11": {"type": "grass", "variant": 8, "pos": [14, 11]}, "21;11": {"type": "grass", "variant": 4, "pos": [21, 11]}, "21;12": {"type": "grass", "variant": 5, "pos": [21, 12]}, "21;13": {"type": "grass", "variant": 4, "pos": [21, 13]}, "21;14": {"type": "grass", "variant": 6, "pos": [21, 14]}, "22;14": {"type": "grass", "variant": 7, "pos": [22, 14]}, "23;14": {"type": "grass", "variant": 7, "pos": [23, 14]}, "24;14": {"type": "grass", "variant": 7, "pos": [24, 14]}, "25;14": {"type": "grass", "variant": 7, "pos": [25, 14]}, "26;14": {"type": "grass", "variant": 7, "pos": [26, 14]}, "27;14": {"type": "grass", "variant": 7, "pos": [27, 14]}, "28;14": {"type": "grass", "variant": 7, "pos": [28, 14]}, "29;14": {"type": "grass", "variant": 7, "pos": [29, 14]}, "30;14": {"type": "grass", "variant": 7, "pos": [30, 14]}, "31;14": {"type": "grass", "variant": 7, "pos": [31, 14]}, "32;14": {"type": "grass", "variant": 8, "pos": [32, 14]}, "32;13": {"type": "grass", "variant": 9, "pos": [32, 13]}, "32;12": {"type": "grass", "variant": 9, "pos": [32, 12]}, "32;11": {"type": "grass", "variant": 8, "pos": [32, 11]}, "22;11": {"type": "grass", "variant": 2, "pos": [22, 11]}, "22;12": {"type": "grass", "variant": 2, "pos": [22, 12]}, "23;12": {"type": "grass", "variant": 10, "pos": [23, 12]}, "23;13": {"type": "grass", "variant": 10, "pos": [23, 13]}, "24;13": {"type": "grass", "variant": 2, "pos": [24, 13]}, "24;12": {"type": "grass", "variant": 10, "pos": [24, 12]}, "24;11": {"type": "grass", "variant": 10, "pos": [24, 11]}, "23;11": {"type": "grass", "variant": 2, "pos": [23, 11]}, "22;13": {"type": "grass", "variant": 10, "pos": [22, 13]}, "25;13": {"type": "grass", "variant": 2, "pos": [25, 13]}, "26;13": {"type": "grass", "variant": 2, "pos": [26, 13]}, "27;13": {"type": "grass", "variant": 2, "pos": [27, 13]}, "28;13": {"type": "grass", "variant": 2, "pos": [28, 13]}, "29;13": {"type": "grass", "variant": 2, "pos": [29, 13]}, "30;13": {"type": "grass", "variant": 2, "pos": [30, 13]}, "31;13": {"type": "grass", "variant": 2, "pos": [31, 13]}, "31;12": {"type": "grass", "variant": 2, "pos": [31, 12]}, "31;11": {"type": "grass", "variant": 2, "pos": [31, 11]}, "30;11": {"type": "grass", "variant": 2, "pos": [30, 11]}, "29;11": {"type": "grass", "variant": 10, "pos": [29, 11]}, "28;11": {"type": "grass", "variant": 10, "pos": [28, 11]}, "27;11": {"type": "grass", "variant": 2, "pos": [27, 11]}, "26;11": {"type": "grass", "variant": 2, "pos": [26, 11]}, "25;11": {"type": "grass", "variant": 2, "pos": [25, 11]}, "25;12": {"type": "grass", "variant": 10, "pos": [25, 12]}, "26;12": {"type": "grass", "variant": 10, "pos": [26, 12]}, "27;12": {"type": "grass", "variant": 10, "pos": [27, 12]}, "28;12": {"type": "grass", "variant": 10, "pos": [28, 12]}, "29;12": {"type": "grass", "variant": 10, "pos": [29, 12]}, "30;12": {"type": "grass", "variant": 10, "pos": [30, 12]}, "13;11": {"type": "grass", "variant": 2, "pos": [13, 11]}, "12;11": {"type": "grass", "variant": 2, "pos": [12, 11]}, "11;11": {"type": "grass", "variant": 2, "pos": [11, 11]}, "10;11": {"type": "grass", "variant": 10, "pos": [10, 11]}, "9;11": {"type": "grass", "variant": 10, "pos": [9, 11]}, "8;11": {"type": "grass", "variant": 10, "pos": [8, 11]}, "7;11": {"type": "grass", "variant": 10, "pos": [7, 11]}, "6;11": {"type": "grass", "variant": 2, "pos": [6, 11]}, "5;11": {"type": "grass", "variant": 2, "pos": [5, 11]}, "4;11": {"type": "grass", "variant": 10, "pos": [4, 11]}, "4;12": {"type": "grass", "variant": 2, "pos": [4, 12]}, "4;13": {"type": "grass", "variant": 2, "pos": [4, 13]}, "5;13": {"type": "grass", "variant": 2, "pos": [5, 13]}, "6;13": {"type": "grass", "variant": 2, "pos": [6, 13]}, "6;12": {"type": "grass", "variant": 10, "pos": [6, 12]}, "5;12": {"type": "grass", "variant": 10, "pos": [5, 12]}, "7;13": {"type": "grass", "variant": 2, "pos": [7, 13]}, "8;13": {"type": "grass", "variant": 2, "pos": [8, 13]}, "8;12": {"type": "grass", "variant": 10, "pos": [8, 12]}, "9;12": {"type": "grass", "variant": 10, "pos": [9, 12]}, "9;13": {"type": "grass", "variant": 2, "pos": [9, 13]}, "10;13": {"type": "grass", "variant": 10, "pos": [10, 13]}, "7;12": {"type": "grass", "variant": 10, "pos": [7, 12]}, "10;12": {"type": "grass", "variant": 10, "pos": [10, 12]}, "11;12": {"type": "grass", "variant": 2, "pos": [11, 12]}, "12;12": {"type": "grass", "variant": 10, "pos": [12, 12]}, "13;12": {"type": "grass", "variant": 2, "pos": [13, 12]}, "13;13": {"type": "grass", "variant": 2, "pos": [13, 13]}, "12;13": {"type": "grass", "variant": 10, "pos": [12, 13]}, "11;13": {"type": "grass", "variant": 10, "pos": [11, 13]}, "3;11": {"type": "grass", "variant": 5, "pos": [3, 11]}}, "tile_size": 16, "offgrid": [{"type": "large_decor", "variant": 0, "pos": [281.5, 196.5]}, {"type": "decor", "variant": 8, "pos": [470.5, 107.5]}]}