{"tilemap": {"1;10": {"type": "grass", "variant": 0, "pos": [1, 10]}, "2;10": {"type": "grass", "variant": 1, "pos": [2, 10]}, "3;10": {"type": "grass", "variant": 1, "pos": [3, 10]}, "4;10": {"type": "grass", "variant": 1, "pos": [4, 10]}, "5;10": {"type": "grass", "variant": 1, "pos": [5, 10]}, "6;10": {"type": "grass", "variant": 1, "pos": [6, 10]}, "7;10": {"type": "grass", "variant": 1, "pos": [7, 10]}, "8;10": {"type": "grass", "variant": 3, "pos": [8, 10]}, "13;10": {"type": "grass", "variant": 1, "pos": [13, 10]}, "14;10": {"type": "grass", "variant": 1, "pos": [14, 10]}, "15;10": {"type": "grass", "variant": 1, "pos": [15, 10]}, "16;10": {"type": "grass", "variant": 1, "pos": [16, 10]}, "17;10": {"type": "grass", "variant": 1, "pos": [17, 10]}, "18;10": {"type": "grass", "variant": 1, "pos": [18, 10]}, "12;10": {"type": "grass", "variant": 0, "pos": [12, 10]}, "19;10": {"type": "grass", "variant": 1, "pos": [19, 10]}, "20;10": {"type": "grass", "variant": 1, "pos": [20, 10]}, "21;10": {"type": "grass", "variant": 1, "pos": [21, 10]}, "21;9": {"type": "stone", "variant": 2, "pos": [21, 9]}, "21;8": {"type": "stone", "variant": 2, "pos": [21, 8]}, "21;7": {"type": "stone", "variant": 2, "pos": [21, 7]}, "21;6": {"type": "stone", "variant": 2, "pos": [21, 6]}, "21;5": {"type": "stone", "variant": 2, "pos": [21, 5]}, "21;4": {"type": "stone", "variant": 2, "pos": [21, 4]}, "21;3": {"type": "stone", "variant": 2, "pos": [21, 3]}, "21;2": {"type": "stone", "variant": 2, "pos": [21, 2]}, "22;2": {"type": "stone", "variant": 2, "pos": [22, 2]}, "23;2": {"type": "stone", "variant": 2, "pos": [23, 2]}, "24;2": {"type": "stone", "variant": 2, "pos": [24, 2]}, "25;2": {"type": "stone", "variant": 2, "pos": [25, 2]}, "26;2": {"type": "stone", "variant": 2, "pos": [26, 2]}, "27;2": {"type": "stone", "variant": 2, "pos": [27, 2]}, "28;2": {"type": "stone", "variant": 2, "pos": [28, 2]}, "29;2": {"type": "stone", "variant": 2, "pos": [29, 2]}, "30;2": {"type": "stone", "variant": 2, "pos": [30, 2]}, "31;2": {"type": "stone", "variant": 2, "pos": [31, 2]}, "31;3": {"type": "stone", "variant": 2, "pos": [31, 3]}, "31;4": {"type": "stone", "variant": 2, "pos": [31, 4]}, "31;5": {"type": "stone", "variant": 2, "pos": [31, 5]}, "31;6": {"type": "stone", "variant": 2, "pos": [31, 6]}, "31;7": {"type": "stone", "variant": 2, "pos": [31, 7]}, "31;8": {"type": "stone", "variant": 2, "pos": [31, 8]}, "31;9": {"type": "stone", "variant": 2, "pos": [31, 9]}, "22;10": {"type": "grass", "variant": 1, "pos": [22, 10]}, "23;10": {"type": "grass", "variant": 1, "pos": [23, 10]}, "24;10": {"type": "grass", "variant": 1, "pos": [24, 10]}, "25;10": {"type": "grass", "variant": 1, "pos": [25, 10]}, "26;10": {"type": "grass", "variant": 1, "pos": [26, 10]}, "27;10": {"type": "grass", "variant": 1, "pos": [27, 10]}, "28;10": {"type": "grass", "variant": 1, "pos": [28, 10]}, "29;10": {"type": "grass", "variant": 1, "pos": [29, 10]}, "30;10": {"type": "grass", "variant": 1, "pos": [30, 10]}, "31;10": {"type": "grass", "variant": 3, "pos": [31, 10]}, "10;9": {"type": "stone", "variant": 0, "pos": [10, 9]}, "13;7": {"type": "stone", "variant": 0, "pos": [13, 7]}, "10;5": {"type": "stone", "variant": 0, "pos": [10, 5]}, "10;1": {"type": "stone", "variant": 0, "pos": [10, 1]}, "12;1": {"type": "grass", "variant": 0, "pos": [12, 1]}, "13;1": {"type": "grass", "variant": 1, "pos": [13, 1]}, "14;1": {"type": "grass", "variant": 1, "pos": [14, 1]}, "15;1": {"type": "grass", "variant": 1, "pos": [15, 1]}, "16;1": {"type": "grass", "variant": 3, "pos": [16, 1]}, "10;-1": {"type": "decor", "variant": 3, "pos": [10, -1]}, "10;7": {"type": "decor", "variant": 3, "pos": [10, 7]}, "24;9": {"type": "decor", "variant": 3, "pos": [24, 9]}, "1;11": {"type": "grass", "variant": 5, "pos": [1, 11]}, "1;12": {"type": "grass", "variant": 4, "pos": [1, 12]}, "1;13": {"type": "grass", "variant": 5, "pos": [1, 13]}, "1;14": {"type": "grass", "variant": 6, "pos": [1, 14]}, "2;14": {"type": "grass", "variant": 7, "pos": [2, 14]}, "3;14": {"type": "grass", "variant": 7, "pos": [3, 14]}, "4;14": {"type": "grass", "variant": 7, "pos": [4, 14]}, "5;14": {"type": "grass", "variant": 7, "pos": [5, 14]}, "6;14": {"type": "grass", "variant": 7, "pos": [6, 14]}, "7;14": {"type": "grass", "variant": 7, "pos": [7, 14]}, "8;14": {"type": "grass", "variant": 8, "pos": [8, 14]}, "8;13": {"type": "grass", "variant": 8, "pos": [8, 13]}, "8;12": {"type": "grass", "variant": 9, "pos": [8, 12]}, "8;11": {"type": "grass", "variant": 8, "pos": [8, 11]}, "12;11": {"type": "grass", "variant": 5, "pos": [12, 11]}, "12;12": {"type": "grass", "variant": 4, "pos": [12, 12]}, "12;13": {"type": "grass", "variant": 5, "pos": [12, 13]}, "12;14": {"type": "grass", "variant": 6, "pos": [12, 14]}, "13;14": {"type": "grass", "variant": 7, "pos": [13, 14]}, "14;14": {"type": "grass", "variant": 7, "pos": [14, 14]}, "15;14": {"type": "grass", "variant": 7, "pos": [15, 14]}, "16;14": {"type": "grass", "variant": 7, "pos": [16, 14]}, "17;14": {"type": "grass", "variant": 7, "pos": [17, 14]}, "18;14": {"type": "grass", "variant": 7, "pos": [18, 14]}, "19;14": {"type": "grass", "variant": 7, "pos": [19, 14]}, "20;14": {"type": "grass", "variant": 7, "pos": [20, 14]}, "21;14": {"type": "grass", "variant": 7, "pos": [21, 14]}, "22;14": {"type": "grass", "variant": 7, "pos": [22, 14]}, "23;14": {"type": "grass", "variant": 7, "pos": [23, 14]}, "24;14": {"type": "grass", "variant": 7, "pos": [24, 14]}, "25;14": {"type": "grass", "variant": 7, "pos": [25, 14]}, "26;14": {"type": "grass", "variant": 7, "pos": [26, 14]}, "27;14": {"type": "grass", "variant": 7, "pos": [27, 14]}, "28;14": {"type": "grass", "variant": 7, "pos": [28, 14]}, "29;14": {"type": "grass", "variant": 7, "pos": [29, 14]}, "30;14": {"type": "grass", "variant": 7, "pos": [30, 14]}, "31;14": {"type": "grass", "variant": 8, "pos": [31, 14]}, "31;13": {"type": "grass", "variant": 8, "pos": [31, 13]}, "31;12": {"type": "grass", "variant": 9, "pos": [31, 12]}, "31;11": {"type": "grass", "variant": 8, "pos": [31, 11]}, "2;11": {"type": "grass", "variant": 2, "pos": [2, 11]}, "2;12": {"type": "grass", "variant": 2, "pos": [2, 12]}, "3;12": {"type": "grass", "variant": 10, "pos": [3, 12]}, "3;13": {"type": "grass", "variant": 2, "pos": [3, 13]}, "4;12": {"type": "grass", "variant": 10, "pos": [4, 12]}, "4;11": {"type": "grass", "variant": 10, "pos": [4, 11]}, "3;11": {"type": "grass", "variant": 10, "pos": [3, 11]}, "2;13": {"type": "grass", "variant": 2, "pos": [2, 13]}, "4;13": {"type": "grass", "variant": 2, "pos": [4, 13]}, "5;13": {"type": "grass", "variant": 2, "pos": [5, 13]}, "6;13": {"type": "grass", "variant": 2, "pos": [6, 13]}, "7;13": {"type": "grass", "variant": 2, "pos": [7, 13]}, "7;12": {"type": "grass", "variant": 2, "pos": [7, 12]}, "7;11": {"type": "grass", "variant": 2, "pos": [7, 11]}, "6;11": {"type": "grass", "variant": 10, "pos": [6, 11]}, "5;11": {"type": "grass", "variant": 10, "pos": [5, 11]}, "5;12": {"type": "grass", "variant": 10, "pos": [5, 12]}, "6;12": {"type": "grass", "variant": 2, "pos": [6, 12]}, "14;11": {"type": "grass", "variant": 2, "pos": [14, 11]}, "13;11": {"type": "grass", "variant": 2, "pos": [13, 11]}, "13;12": {"type": "grass", "variant": 2, "pos": [13, 12]}, "14;12": {"type": "grass", "variant": 10, "pos": [14, 12]}, "14;13": {"type": "grass", "variant": 2, "pos": [14, 13]}, "15;13": {"type": "grass", "variant": 2, "pos": [15, 13]}, "13;13": {"type": "grass", "variant": 2, "pos": [13, 13]}, "15;12": {"type": "grass", "variant": 2, "pos": [15, 12]}, "15;11": {"type": "grass", "variant": 10, "pos": [15, 11]}, "16;11": {"type": "grass", "variant": 10, "pos": [16, 11]}, "17;11": {"type": "grass", "variant": 10, "pos": [17, 11]}, "18;11": {"type": "grass", "variant": 10, "pos": [18, 11]}, "19;11": {"type": "grass", "variant": 10, "pos": [19, 11]}, "20;11": {"type": "grass", "variant": 10, "pos": [20, 11]}, "21;11": {"type": "grass", "variant": 10, "pos": [21, 11]}, "22;11": {"type": "grass", "variant": 2, "pos": [22, 11]}, "22;12": {"type": "grass", "variant": 10, "pos": [22, 12]}, "21;12": {"type": "grass", "variant": 10, "pos": [21, 12]}, "20;12": {"type": "grass", "variant": 10, "pos": [20, 12]}, "19;12": {"type": "grass", "variant": 10, "pos": [19, 12]}, "18;12": {"type": "grass", "variant": 10, "pos": [18, 12]}, "17;12": {"type": "grass", "variant": 10, "pos": [17, 12]}, "16;12": {"type": "grass", "variant": 2, "pos": [16, 12]}, "16;13": {"type": "grass", "variant": 2, "pos": [16, 13]}, "17;13": {"type": "grass", "variant": 2, "pos": [17, 13]}, "18;13": {"type": "grass", "variant": 2, "pos": [18, 13]}, "19;13": {"type": "grass", "variant": 2, "pos": [19, 13]}, "20;13": {"type": "grass", "variant": 2, "pos": [20, 13]}, "21;13": {"type": "grass", "variant": 10, "pos": [21, 13]}, "22;13": {"type": "grass", "variant": 10, "pos": [22, 13]}, "23;13": {"type": "grass", "variant": 10, "pos": [23, 13]}, "24;13": {"type": "grass", "variant": 10, "pos": [24, 13]}, "25;13": {"type": "grass", "variant": 10, "pos": [25, 13]}, "26;13": {"type": "grass", "variant": 10, "pos": [26, 13]}, "27;13": {"type": "grass", "variant": 10, "pos": [27, 13]}, "28;13": {"type": "grass", "variant": 2, "pos": [28, 13]}, "29;13": {"type": "grass", "variant": 2, "pos": [29, 13]}, "30;13": {"type": "grass", "variant": 2, "pos": [30, 13]}, "30;12": {"type": "grass", "variant": 2, "pos": [30, 12]}, "29;12": {"type": "grass", "variant": 10, "pos": [29, 12]}, "28;12": {"type": "grass", "variant": 10, "pos": [28, 12]}, "27;12": {"type": "grass", "variant": 10, "pos": [27, 12]}, "26;12": {"type": "grass", "variant": 10, "pos": [26, 12]}, "25;12": {"type": "grass", "variant": 10, "pos": [25, 12]}, "24;12": {"type": "grass", "variant": 10, "pos": [24, 12]}, "23;12": {"type": "grass", "variant": 10, "pos": [23, 12]}, "23;11": {"type": "grass", "variant": 2, "pos": [23, 11]}, "24;11": {"type": "grass", "variant": 2, "pos": [24, 11]}, "25;11": {"type": "grass", "variant": 10, "pos": [25, 11]}, "26;11": {"type": "grass", "variant": 2, "pos": [26, 11]}, "27;11": {"type": "grass", "variant": 10, "pos": [27, 11]}, "28;11": {"type": "grass", "variant": 10, "pos": [28, 11]}, "29;11": {"type": "grass", "variant": 10, "pos": [29, 11]}, "30;11": {"type": "grass", "variant": 10, "pos": [30, 11]}, "8;3": {"type": "stone", "variant": 0, "pos": [8, 3]}}, "tile_size": 16, "offgrid": [{"type": "decor", "variant": 8, "pos": [426.5, 106.0]}, {"type": "large_decor", "variant": 0, "pos": [224.5, 3.0]}]}