{"tilemap": {"2;10": {"type": "grass", "variant": 0, "pos": [2, 10]}, "3;10": {"type": "grass", "variant": 1, "pos": [3, 10]}, "4;10": {"type": "grass", "variant": 1, "pos": [4, 10]}, "5;10": {"type": "grass", "variant": 1, "pos": [5, 10]}, "6;10": {"type": "grass", "variant": 1, "pos": [6, 10]}, "7;10": {"type": "grass", "variant": 1, "pos": [7, 10]}, "8;10": {"type": "grass", "variant": 1, "pos": [8, 10]}, "9;10": {"type": "grass", "variant": 1, "pos": [9, 10]}, "10;10": {"type": "grass", "variant": 1, "pos": [10, 10]}, "11;10": {"type": "grass", "variant": 3, "pos": [11, 10]}, "14;4": {"type": "grass", "variant": 0, "pos": [14, 4]}, "15;4": {"type": "grass", "variant": 1, "pos": [15, 4]}, "16;4": {"type": "grass", "variant": 1, "pos": [16, 4]}, "17;4": {"type": "grass", "variant": 1, "pos": [17, 4]}, "18;4": {"type": "grass", "variant": 3, "pos": [18, 4]}, "10;9": {"type": "stone", "variant": 3, "pos": [10, 9]}, "13;4": {"type": "stone", "variant": 0, "pos": [13, 4]}, "19;4": {"type": "stone", "variant": 0, "pos": [19, 4]}, "12;10": {"type": "stone", "variant": 0, "pos": [12, 10]}, "16;3": {"type": "stone", "variant": 3, "pos": [16, 3]}, "18;-3": {"type": "grass", "variant": 0, "pos": [18, -3]}, "19;-3": {"type": "grass", "variant": 1, "pos": [19, -3]}, "20;-3": {"type": "grass", "variant": 1, "pos": [20, -3]}, "21;-3": {"type": "grass", "variant": 1, "pos": [21, -3]}, "22;-3": {"type": "grass", "variant": 1, "pos": [22, -3]}, "23;-3": {"type": "grass", "variant": 1, "pos": [23, -3]}, "24;-3": {"type": "grass", "variant": 3, "pos": [24, -3]}, "14;-3": {"type": "grass", "variant": 3, "pos": [14, -3]}, "13;-3": {"type": "grass", "variant": 1, "pos": [13, -3]}, "12;-3": {"type": "grass", "variant": 1, "pos": [12, -3]}, "11;-3": {"type": "grass", "variant": 1, "pos": [11, -3]}, "10;-3": {"type": "grass", "variant": 1, "pos": [10, -3]}, "9;-3": {"type": "grass", "variant": 1, "pos": [9, -3]}, "8;-3": {"type": "grass", "variant": 0, "pos": [8, -3]}, "14;-4": {"type": "stone", "variant": 2, "pos": [14, -4]}, "14;-5": {"type": "stone", "variant": 2, "pos": [14, -5]}, "14;-6": {"type": "stone", "variant": 2, "pos": [14, -6]}, "14;-7": {"type": "stone", "variant": 2, "pos": [14, -7]}, "14;-8": {"type": "stone", "variant": 2, "pos": [14, -8]}, "14;-9": {"type": "stone", "variant": 2, "pos": [14, -9]}, "13;-9": {"type": "stone", "variant": 2, "pos": [13, -9]}, "12;-9": {"type": "stone", "variant": 2, "pos": [12, -9]}, "11;-9": {"type": "stone", "variant": 2, "pos": [11, -9]}, "10;-9": {"type": "stone", "variant": 2, "pos": [10, -9]}, "9;-9": {"type": "stone", "variant": 2, "pos": [9, -9]}, "8;-9": {"type": "stone", "variant": 2, "pos": [8, -9]}, "8;-8": {"type": "stone", "variant": 2, "pos": [8, -8]}, "8;-7": {"type": "stone", "variant": 2, "pos": [8, -7]}, "8;-6": {"type": "stone", "variant": 2, "pos": [8, -6]}, "8;-5": {"type": "stone", "variant": 2, "pos": [8, -5]}, "8;-4": {"type": "stone", "variant": 2, "pos": [8, -4]}, "10;4": {"type": "decor", "variant": 3, "pos": [10, 4]}, "16;-2": {"type": "decor", "variant": 3, "pos": [16, -2]}, "13;-5": {"type": "decor", "variant": 3, "pos": [13, -5]}, "2;11": {"type": "grass", "variant": 5, "pos": [2, 11]}, "2;12": {"type": "grass", "variant": 4, "pos": [2, 12]}, "2;13": {"type": "grass", "variant": 5, "pos": [2, 13]}, "2;14": {"type": "grass", "variant": 6, "pos": [2, 14]}, "3;14": {"type": "grass", "variant": 7, "pos": [3, 14]}, "4;14": {"type": "grass", "variant": 7, "pos": [4, 14]}, "5;14": {"type": "grass", "variant": 7, "pos": [5, 14]}, "6;14": {"type": "grass", "variant": 7, "pos": [6, 14]}, "7;14": {"type": "grass", "variant": 7, "pos": [7, 14]}, "8;14": {"type": "grass", "variant": 7, "pos": [8, 14]}, "9;14": {"type": "grass", "variant": 7, "pos": [9, 14]}, "10;14": {"type": "grass", "variant": 7, "pos": [10, 14]}, "11;14": {"type": "grass", "variant": 8, "pos": [11, 14]}, "11;13": {"type": "grass", "variant": 9, "pos": [11, 13]}, "11;12": {"type": "grass", "variant": 8, "pos": [11, 12]}, "11;11": {"type": "grass", "variant": 9, "pos": [11, 11]}, "14;6": {"type": "grass", "variant": 4, "pos": [14, 6]}, "14;5": {"type": "grass", "variant": 5, "pos": [14, 5]}, "14;7": {"type": "grass", "variant": 5, "pos": [14, 7]}, "14;8": {"type": "grass", "variant": 6, "pos": [14, 8]}, "15;8": {"type": "grass", "variant": 7, "pos": [15, 8]}, "16;8": {"type": "grass", "variant": 7, "pos": [16, 8]}, "17;8": {"type": "grass", "variant": 7, "pos": [17, 8]}, "18;8": {"type": "grass", "variant": 8, "pos": [18, 8]}, "18;7": {"type": "grass", "variant": 9, "pos": [18, 7]}, "18;6": {"type": "grass", "variant": 8, "pos": [18, 6]}, "18;5": {"type": "grass", "variant": 8, "pos": [18, 5]}, "18;-2": {"type": "grass", "variant": 5, "pos": [18, -2]}, "18;-1": {"type": "grass", "variant": 4, "pos": [18, -1]}, "18;0": {"type": "grass", "variant": 6, "pos": [18, 0]}, "19;0": {"type": "grass", "variant": 7, "pos": [19, 0]}, "20;0": {"type": "grass", "variant": 7, "pos": [20, 0]}, "21;0": {"type": "grass", "variant": 7, "pos": [21, 0]}, "22;0": {"type": "grass", "variant": 7, "pos": [22, 0]}, "23;0": {"type": "grass", "variant": 7, "pos": [23, 0]}, "24;0": {"type": "grass", "variant": 8, "pos": [24, 0]}, "24;-1": {"type": "grass", "variant": 9, "pos": [24, -1]}, "24;-2": {"type": "grass", "variant": 8, "pos": [24, -2]}, "8;-2": {"type": "grass", "variant": 5, "pos": [8, -2]}, "8;-1": {"type": "grass", "variant": 4, "pos": [8, -1]}, "8;0": {"type": "grass", "variant": 6, "pos": [8, 0]}, "9;0": {"type": "grass", "variant": 7, "pos": [9, 0]}, "10;0": {"type": "grass", "variant": 7, "pos": [10, 0]}, "11;0": {"type": "grass", "variant": 7, "pos": [11, 0]}, "12;0": {"type": "grass", "variant": 7, "pos": [12, 0]}, "13;0": {"type": "grass", "variant": 7, "pos": [13, 0]}, "14;0": {"type": "grass", "variant": 8, "pos": [14, 0]}, "14;-2": {"type": "grass", "variant": 8, "pos": [14, -2]}, "14;-1": {"type": "grass", "variant": 9, "pos": [14, -1]}, "3;11": {"type": "grass", "variant": 2, "pos": [3, 11]}, "4;11": {"type": "grass", "variant": 10, "pos": [4, 11]}, "5;11": {"type": "grass", "variant": 10, "pos": [5, 11]}, "6;11": {"type": "grass", "variant": 10, "pos": [6, 11]}, "7;11": {"type": "grass", "variant": 10, "pos": [7, 11]}, "8;11": {"type": "grass", "variant": 10, "pos": [8, 11]}, "9;11": {"type": "grass", "variant": 2, "pos": [9, 11]}, "10;11": {"type": "grass", "variant": 2, "pos": [10, 11]}, "10;12": {"type": "grass", "variant": 2, "pos": [10, 12]}, "9;12": {"type": "grass", "variant": 10, "pos": [9, 12]}, "8;12": {"type": "grass", "variant": 10, "pos": [8, 12]}, "7;12": {"type": "grass", "variant": 10, "pos": [7, 12]}, "6;12": {"type": "grass", "variant": 10, "pos": [6, 12]}, "5;12": {"type": "grass", "variant": 10, "pos": [5, 12]}, "4;12": {"type": "grass", "variant": 10, "pos": [4, 12]}, "3;12": {"type": "grass", "variant": 2, "pos": [3, 12]}, "3;13": {"type": "grass", "variant": 2, "pos": [3, 13]}, "4;13": {"type": "grass", "variant": 2, "pos": [4, 13]}, "5;13": {"type": "grass", "variant": 10, "pos": [5, 13]}, "6;13": {"type": "grass", "variant": 10, "pos": [6, 13]}, "7;13": {"type": "grass", "variant": 10, "pos": [7, 13]}, "8;13": {"type": "grass", "variant": 2, "pos": [8, 13]}, "9;13": {"type": "grass", "variant": 2, "pos": [9, 13]}, "10;13": {"type": "grass", "variant": 2, "pos": [10, 13]}, "15;5": {"type": "grass", "variant": 10, "pos": [15, 5]}, "15;6": {"type": "grass", "variant": 10, "pos": [15, 6]}, "15;7": {"type": "grass", "variant": 2, "pos": [15, 7]}, "16;7": {"type": "grass", "variant": 10, "pos": [16, 7]}, "17;7": {"type": "grass", "variant": 2, "pos": [17, 7]}, "17;6": {"type": "grass", "variant": 10, "pos": [17, 6]}, "17;5": {"type": "grass", "variant": 2, "pos": [17, 5]}, "16;5": {"type": "grass", "variant": 10, "pos": [16, 5]}, "16;6": {"type": "grass", "variant": 10, "pos": [16, 6]}, "20;-1": {"type": "grass", "variant": 10, "pos": [20, -1]}, "20;-2": {"type": "grass", "variant": 10, "pos": [20, -2]}, "19;-2": {"type": "grass", "variant": 10, "pos": [19, -2]}, "19;-1": {"type": "grass", "variant": 2, "pos": [19, -1]}, "21;-1": {"type": "grass", "variant": 10, "pos": [21, -1]}, "22;-1": {"type": "grass", "variant": 10, "pos": [22, -1]}, "23;-1": {"type": "grass", "variant": 2, "pos": [23, -1]}, "23;-2": {"type": "grass", "variant": 2, "pos": [23, -2]}, "22;-2": {"type": "grass", "variant": 10, "pos": [22, -2]}, "21;-2": {"type": "grass", "variant": 10, "pos": [21, -2]}, "13;-2": {"type": "grass", "variant": 2, "pos": [13, -2]}, "12;-2": {"type": "grass", "variant": 2, "pos": [12, -2]}, "11;-2": {"type": "grass", "variant": 10, "pos": [11, -2]}, "10;-2": {"type": "grass", "variant": 10, "pos": [10, -2]}, "9;-2": {"type": "grass", "variant": 2, "pos": [9, -2]}, "9;-1": {"type": "grass", "variant": 2, "pos": [9, -1]}, "10;-1": {"type": "grass", "variant": 10, "pos": [10, -1]}, "11;-1": {"type": "grass", "variant": 10, "pos": [11, -1]}, "12;-1": {"type": "grass", "variant": 10, "pos": [12, -1]}, "13;-1": {"type": "grass", "variant": 2, "pos": [13, -1]}}, "tile_size": 16, "offgrid": [{"type": "large_decor", "variant": 0, "pos": [337.5, -59.5]}, {"type": "decor", "variant": 8, "pos": [163.5, -103.0]}]}