{"tilemap": {"1;11": {"type": "grass", "variant": 0, "pos": [1, 11]}, "2;11": {"type": "grass", "variant": 1, "pos": [2, 11]}, "3;11": {"type": "grass", "variant": 1, "pos": [3, 11]}, "4;11": {"type": "grass", "variant": 1, "pos": [4, 11]}, "5;11": {"type": "grass", "variant": 1, "pos": [5, 11]}, "6;11": {"type": "grass", "variant": 1, "pos": [6, 11]}, "7;11": {"type": "grass", "variant": 1, "pos": [7, 11]}, "8;11": {"type": "grass", "variant": 1, "pos": [8, 11]}, "9;11": {"type": "grass", "variant": 3, "pos": [9, 11]}, "10;6": {"type": "stone", "variant": 0, "pos": [10, 6]}, "7;10": {"type": "stone", "variant": 3, "pos": [7, 10]}, "13;4": {"type": "stone", "variant": 3, "pos": [13, 4]}, "13;-2": {"type": "stone", "variant": 0, "pos": [13, -2]}, "1;12": {"type": "grass", "variant": 5, "pos": [1, 12]}, "1;14": {"type": "grass", "variant": 5, "pos": [1, 14]}, "1;15": {"type": "grass", "variant": 6, "pos": [1, 15]}, "1;13": {"type": "grass", "variant": 4, "pos": [1, 13]}, "9;15": {"type": "grass", "variant": 8, "pos": [9, 15]}, "2;15": {"type": "grass", "variant": 7, "pos": [2, 15]}, "3;15": {"type": "grass", "variant": 7, "pos": [3, 15]}, "4;15": {"type": "grass", "variant": 7, "pos": [4, 15]}, "5;15": {"type": "grass", "variant": 7, "pos": [5, 15]}, "6;15": {"type": "grass", "variant": 7, "pos": [6, 15]}, "7;15": {"type": "grass", "variant": 7, "pos": [7, 15]}, "8;15": {"type": "grass", "variant": 7, "pos": [8, 15]}, "9;14": {"type": "grass", "variant": 8, "pos": [9, 14]}, "9;13": {"type": "grass", "variant": 9, "pos": [9, 13]}, "9;12": {"type": "grass", "variant": 8, "pos": [9, 12]}, "2;12": {"type": "grass", "variant": 2, "pos": [2, 12]}, "3;12": {"type": "grass", "variant": 10, "pos": [3, 12]}, "4;12": {"type": "grass", "variant": 10, "pos": [4, 12]}, "5;12": {"type": "grass", "variant": 10, "pos": [5, 12]}, "6;12": {"type": "grass", "variant": 10, "pos": [6, 12]}, "7;12": {"type": "grass", "variant": 10, "pos": [7, 12]}, "8;12": {"type": "grass", "variant": 2, "pos": [8, 12]}, "8;13": {"type": "grass", "variant": 2, "pos": [8, 13]}, "7;13": {"type": "grass", "variant": 2, "pos": [7, 13]}, "6;13": {"type": "grass", "variant": 10, "pos": [6, 13]}, "5;13": {"type": "grass", "variant": 10, "pos": [5, 13]}, "4;13": {"type": "grass", "variant": 10, "pos": [4, 13]}, "3;13": {"type": "grass", "variant": 2, "pos": [3, 13]}, "2;13": {"type": "grass", "variant": 2, "pos": [2, 13]}, "2;14": {"type": "grass", "variant": 2, "pos": [2, 14]}, "3;14": {"type": "grass", "variant": 2, "pos": [3, 14]}, "4;14": {"type": "grass", "variant": 2, "pos": [4, 14]}, "5;14": {"type": "grass", "variant": 2, "pos": [5, 14]}, "6;14": {"type": "grass", "variant": 2, "pos": [6, 14]}, "7;14": {"type": "grass", "variant": 2, "pos": [7, 14]}, "8;14": {"type": "grass", "variant": 2, "pos": [8, 14]}, "19;-4": {"type": "grass", "variant": 1, "pos": [19, -4]}, "18;-4": {"type": "grass", "variant": 1, "pos": [18, -4]}, "17;-4": {"type": "grass", "variant": 1, "pos": [17, -4]}, "16;-4": {"type": "grass", "variant": 1, "pos": [16, -4]}, "15;-4": {"type": "grass", "variant": 0, "pos": [15, -4]}, "20;-4": {"type": "grass", "variant": 1, "pos": [20, -4]}, "21;-4": {"type": "grass", "variant": 1, "pos": [21, -4]}, "22;-4": {"type": "grass", "variant": 1, "pos": [22, -4]}, "23;-4": {"type": "grass", "variant": 1, "pos": [23, -4]}, "24;-4": {"type": "grass", "variant": 1, "pos": [24, -4]}, "25;-4": {"type": "grass", "variant": 1, "pos": [25, -4]}, "26;-4": {"type": "grass", "variant": 1, "pos": [26, -4]}, "27;-4": {"type": "grass", "variant": 1, "pos": [27, -4]}, "28;-4": {"type": "grass", "variant": 3, "pos": [28, -4]}, "15;-3": {"type": "grass", "variant": 5, "pos": [15, -3]}, "15;-2": {"type": "grass", "variant": 4, "pos": [15, -2]}, "15;-1": {"type": "grass", "variant": 5, "pos": [15, -1]}, "15;0": {"type": "grass", "variant": 6, "pos": [15, 0]}, "16;0": {"type": "grass", "variant": 7, "pos": [16, 0]}, "17;0": {"type": "grass", "variant": 7, "pos": [17, 0]}, "18;0": {"type": "grass", "variant": 7, "pos": [18, 0]}, "19;0": {"type": "grass", "variant": 7, "pos": [19, 0]}, "20;0": {"type": "grass", "variant": 7, "pos": [20, 0]}, "21;0": {"type": "grass", "variant": 7, "pos": [21, 0]}, "22;0": {"type": "grass", "variant": 7, "pos": [22, 0]}, "23;0": {"type": "grass", "variant": 7, "pos": [23, 0]}, "24;0": {"type": "grass", "variant": 7, "pos": [24, 0]}, "25;0": {"type": "grass", "variant": 7, "pos": [25, 0]}, "26;0": {"type": "grass", "variant": 7, "pos": [26, 0]}, "27;0": {"type": "grass", "variant": 7, "pos": [27, 0]}, "28;0": {"type": "grass", "variant": 8, "pos": [28, 0]}, "28;-3": {"type": "grass", "variant": 9, "pos": [28, -3]}, "28;-2": {"type": "grass", "variant": 8, "pos": [28, -2]}, "28;-1": {"type": "grass", "variant": 9, "pos": [28, -1]}, "16;-3": {"type": "grass", "variant": 2, "pos": [16, -3]}, "16;-2": {"type": "grass", "variant": 2, "pos": [16, -2]}, "16;-1": {"type": "grass", "variant": 2, "pos": [16, -1]}, "17;-1": {"type": "grass", "variant": 2, "pos": [17, -1]}, "18;-1": {"type": "grass", "variant": 2, "pos": [18, -1]}, "18;-2": {"type": "grass", "variant": 10, "pos": [18, -2]}, "17;-2": {"type": "grass", "variant": 10, "pos": [17, -2]}, "17;-3": {"type": "grass", "variant": 2, "pos": [17, -3]}, "18;-3": {"type": "grass", "variant": 2, "pos": [18, -3]}, "19;-2": {"type": "grass", "variant": 10, "pos": [19, -2]}, "19;-3": {"type": "grass", "variant": 10, "pos": [19, -3]}, "20;-3": {"type": "grass", "variant": 10, "pos": [20, -3]}, "20;-2": {"type": "grass", "variant": 10, "pos": [20, -2]}, "21;-2": {"type": "grass", "variant": 10, "pos": [21, -2]}, "20;-1": {"type": "grass", "variant": 2, "pos": [20, -1]}, "19;-1": {"type": "grass", "variant": 2, "pos": [19, -1]}, "21;-1": {"type": "grass", "variant": 2, "pos": [21, -1]}, "22;-1": {"type": "grass", "variant": 10, "pos": [22, -1]}, "23;-1": {"type": "grass", "variant": 10, "pos": [23, -1]}, "24;-1": {"type": "grass", "variant": 10, "pos": [24, -1]}, "25;-2": {"type": "grass", "variant": 10, "pos": [25, -2]}, "26;-2": {"type": "grass", "variant": 2, "pos": [26, -2]}, "27;-2": {"type": "grass", "variant": 10, "pos": [27, -2]}, "27;-1": {"type": "grass", "variant": 2, "pos": [27, -1]}, "26;-1": {"type": "grass", "variant": 2, "pos": [26, -1]}, "25;-1": {"type": "grass", "variant": 10, "pos": [25, -1]}, "27;-3": {"type": "grass", "variant": 2, "pos": [27, -3]}, "26;-3": {"type": "grass", "variant": 2, "pos": [26, -3]}, "25;-3": {"type": "grass", "variant": 10, "pos": [25, -3]}, "24;-3": {"type": "grass", "variant": 10, "pos": [24, -3]}, "23;-3": {"type": "grass", "variant": 10, "pos": [23, -3]}, "22;-3": {"type": "grass", "variant": 10, "pos": [22, -3]}, "21;-3": {"type": "grass", "variant": 10, "pos": [21, -3]}, "22;-2": {"type": "grass", "variant": 10, "pos": [22, -2]}, "23;-2": {"type": "grass", "variant": 10, "pos": [23, -2]}, "24;-2": {"type": "grass", "variant": 10, "pos": [24, -2]}, "21;-5": {"type": "stone", "variant": 2, "pos": [21, -5]}, "21;-6": {"type": "stone", "variant": 2, "pos": [21, -6]}, "21;-7": {"type": "stone", "variant": 2, "pos": [21, -7]}, "21;-8": {"type": "stone", "variant": 2, "pos": [21, -8]}, "21;-9": {"type": "stone", "variant": 2, "pos": [21, -9]}, "21;-10": {"type": "stone", "variant": 2, "pos": [21, -10]}, "22;-10": {"type": "stone", "variant": 2, "pos": [22, -10]}, "23;-10": {"type": "stone", "variant": 2, "pos": [23, -10]}, "24;-10": {"type": "stone", "variant": 2, "pos": [24, -10]}, "25;-10": {"type": "stone", "variant": 2, "pos": [25, -10]}, "26;-10": {"type": "stone", "variant": 2, "pos": [26, -10]}, "27;-10": {"type": "stone", "variant": 2, "pos": [27, -10]}, "28;-10": {"type": "stone", "variant": 2, "pos": [28, -10]}, "28;-9": {"type": "stone", "variant": 2, "pos": [28, -9]}, "28;-8": {"type": "stone", "variant": 2, "pos": [28, -8]}, "28;-7": {"type": "stone", "variant": 2, "pos": [28, -7]}, "28;-6": {"type": "stone", "variant": 2, "pos": [28, -6]}, "28;-5": {"type": "stone", "variant": 2, "pos": [28, -5]}}, "tile_size": 16, "offgrid": [{"type": "large_decor", "variant": 0, "pos": [284.0, -75.0]}, {"type": "decor", "variant": 8, "pos": [380.0, -117.0]}]}